id	pointer	kind	review	verification_issue	support	disposition
Q03-F001	/schema_version	source-metadata	Q03-R00	https://github.com/grwtsk/huey/issues/192	source-preservation	preserved-source-field
Q03-F002	/verified_at	source-metadata	Q03-R00	https://github.com/grwtsk/huey/issues/192	source-preservation	not-recertified
Q03-F003	/quotations/0/id	source-metadata	Q03-R01	https://github.com/grwtsk/huey/issues/192	source-preservation	preserved-source-field
Q03-F004	/quotations/0/type	source-metadata	Q03-R01	https://github.com/grwtsk/huey/issues/192	source-preservation	preserved-source-field
Q03-F005	/quotations/0/text	quotation	Q03-R01	https://github.com/grwtsk/huey/issues/192	primary-text	matched-sentence
Q03-F006	/quotations/0/authority_type	attribution-or-scope	Q03-R01	https://github.com/grwtsk/huey/issues/192	primary-text	see-entry-review
Q03-F007	/quotations/0/tradition_or_domain	attribution-or-scope	Q03-R01	https://github.com/grwtsk/huey/issues/192	primary-text	see-entry-review
Q03-F008	/quotations/0/author_or_body	attribution-or-scope	Q03-R01	https://github.com/grwtsk/huey/issues/192	primary-text	see-entry-review
Q03-F009	/quotations/0/work	attribution-or-scope	Q03-R01	https://github.com/grwtsk/huey/issues/192	primary-text	see-entry-review
Q03-F010	/quotations/0/locator	attribution-or-scope	Q03-R01	https://github.com/grwtsk/huey/issues/192	primary-text	see-entry-review
Q03-F011	/quotations/0/translation_or_version	attribution-or-scope	Q03-R01	https://github.com/grwtsk/huey/issues/192	primary-text	see-entry-review
Q03-F012	/quotations/0/jurisdiction	attribution-or-scope	Q03-R01	https://github.com/grwtsk/huey/issues/192	primary-text	see-entry-review
Q03-F013	/quotations/0/authority_level	attribution-or-scope	Q03-R01	https://github.com/grwtsk/huey/issues/192	primary-text	see-entry-review
Q03-F014	/quotations/0/source_url	source-metadata	Q03-R01	https://github.com/grwtsk/huey/issues/192	source-preservation	preserved-source-field
Q03-F015	/quotations/0/verified_at	historical-verification-label	Q03-R01	https://github.com/grwtsk/huey/issues/192	source-preservation	not-recertified
Q03-F016	/quotations/0/principles/0	conceptual-correspondence	Q03-R01	https://github.com/grwtsk/huey/issues/144	substantial	unreviewed-correspondence
Q03-F017	/quotations/0/principles/1	conceptual-correspondence	Q03-R01	https://github.com/grwtsk/huey/issues/144	substantial	unreviewed-correspondence
Q03-F018	/quotations/0/principles/2	conceptual-correspondence	Q03-R01	https://github.com/grwtsk/huey/issues/144	substantial	unreviewed-correspondence
Q03-F019	/quotations/0/principles/3	conceptual-correspondence	Q03-R01	https://github.com/grwtsk/huey/issues/144	substantial	unreviewed-correspondence
Q03-F020	/quotations/0/ethics_nodes/0	conceptual-correspondence	Q03-R01	https://github.com/grwtsk/huey/issues/144	substantial	unreviewed-correspondence
Q03-F021	/quotations/0/ethics_nodes/1	conceptual-correspondence	Q03-R01	https://github.com/grwtsk/huey/issues/144	substantial	unreviewed-correspondence
Q03-F022	/quotations/0/ethics_nodes/2	conceptual-correspondence	Q03-R01	https://github.com/grwtsk/huey/issues/144	substantial	unreviewed-correspondence
Q03-F023	/quotations/0/ethics_nodes/3	conceptual-correspondence	Q03-R01	https://github.com/grwtsk/huey/issues/144	substantial	unreviewed-correspondence
Q03-F024	/quotations/0/context_note	compound-context-statement	Q03-R01	https://github.com/grwtsk/huey/issues/192	substantial	see-entry-review
Q03-F025	/quotations/0/use_note	editorial-use-limit	Q03-R01	https://github.com/grwtsk/huey/issues/192	reasoning	preserved-not-legal-clearance
Q03-F026	/quotations/0/evidentiary_use	editorial-use-limit	Q03-R01	https://github.com/grwtsk/huey/issues/192	reasoning	preserved-not-legal-clearance
Q03-F027	/quotations/1/id	source-metadata	Q03-R02	https://github.com/grwtsk/huey/issues/192	source-preservation	preserved-source-field
Q03-F028	/quotations/1/type	source-metadata	Q03-R02	https://github.com/grwtsk/huey/issues/192	source-preservation	preserved-source-field
Q03-F029	/quotations/1/text	quotation	Q03-R02	https://github.com/grwtsk/huey/issues/192	primary-text	index-excerpt-only
Q03-F030	/quotations/1/authority_type	attribution-or-scope	Q03-R02	https://github.com/grwtsk/huey/issues/192	primary-text	see-entry-review
Q03-F031	/quotations/1/tradition_or_domain	attribution-or-scope	Q03-R02	https://github.com/grwtsk/huey/issues/192	primary-text	see-entry-review
Q03-F032	/quotations/1/author_or_body	attribution-or-scope	Q03-R02	https://github.com/grwtsk/huey/issues/192	primary-text	see-entry-review
Q03-F033	/quotations/1/work	attribution-or-scope	Q03-R02	https://github.com/grwtsk/huey/issues/192	primary-text	see-entry-review
Q03-F034	/quotations/1/locator	attribution-or-scope	Q03-R02	https://github.com/grwtsk/huey/issues/192	primary-text	see-entry-review
Q03-F035	/quotations/1/translation_or_version	attribution-or-scope	Q03-R02	https://github.com/grwtsk/huey/issues/192	primary-text	see-entry-review
Q03-F036	/quotations/1/jurisdiction	attribution-or-scope	Q03-R02	https://github.com/grwtsk/huey/issues/192	primary-text	see-entry-review
Q03-F037	/quotations/1/authority_level	attribution-or-scope	Q03-R02	https://github.com/grwtsk/huey/issues/192	primary-text	see-entry-review
Q03-F038	/quotations/1/source_url	source-metadata	Q03-R02	https://github.com/grwtsk/huey/issues/192	source-preservation	preserved-source-field
Q03-F039	/quotations/1/verified_at	historical-verification-label	Q03-R02	https://github.com/grwtsk/huey/issues/192	source-preservation	not-recertified
Q03-F040	/quotations/1/principles/0	conceptual-correspondence	Q03-R02	https://github.com/grwtsk/huey/issues/144	substantial	unreviewed-correspondence
Q03-F041	/quotations/1/principles/1	conceptual-correspondence	Q03-R02	https://github.com/grwtsk/huey/issues/144	substantial	unreviewed-correspondence
Q03-F042	/quotations/1/ethics_nodes/0	conceptual-correspondence	Q03-R02	https://github.com/grwtsk/huey/issues/144	substantial	unreviewed-correspondence
Q03-F043	/quotations/1/ethics_nodes/1	conceptual-correspondence	Q03-R02	https://github.com/grwtsk/huey/issues/144	substantial	unreviewed-correspondence
Q03-F044	/quotations/1/ethics_nodes/2	conceptual-correspondence	Q03-R02	https://github.com/grwtsk/huey/issues/144	substantial	unreviewed-correspondence
Q03-F045	/quotations/1/context_note	compound-context-statement	Q03-R02	https://github.com/grwtsk/huey/issues/192	substantial	see-entry-review
Q03-F046	/quotations/1/use_note	editorial-use-limit	Q03-R02	https://github.com/grwtsk/huey/issues/192	reasoning	preserved-not-legal-clearance
Q03-F047	/quotations/1/evidentiary_use	editorial-use-limit	Q03-R02	https://github.com/grwtsk/huey/issues/192	reasoning	preserved-not-legal-clearance
Q03-F048	/quotations/2/id	source-metadata	Q03-R03	https://github.com/grwtsk/huey/issues/192	source-preservation	preserved-source-field
Q03-F049	/quotations/2/type	source-metadata	Q03-R03	https://github.com/grwtsk/huey/issues/192	source-preservation	preserved-source-field
Q03-F050	/quotations/2/text	quotation	Q03-R03	https://github.com/grwtsk/huey/issues/192	primary-text	matched-excerpt
Q03-F051	/quotations/2/authority_type	attribution-or-scope	Q03-R03	https://github.com/grwtsk/huey/issues/192	primary-text	see-entry-review
Q03-F052	/quotations/2/tradition_or_domain	attribution-or-scope	Q03-R03	https://github.com/grwtsk/huey/issues/192	primary-text	see-entry-review
Q03-F053	/quotations/2/author_or_body	attribution-or-scope	Q03-R03	https://github.com/grwtsk/huey/issues/192	primary-text	see-entry-review
Q03-F054	/quotations/2/work	attribution-or-scope	Q03-R03	https://github.com/grwtsk/huey/issues/192	primary-text	see-entry-review
Q03-F055	/quotations/2/locator	attribution-or-scope	Q03-R03	https://github.com/grwtsk/huey/issues/192	primary-text	see-entry-review
Q03-F056	/quotations/2/translation_or_version	attribution-or-scope	Q03-R03	https://github.com/grwtsk/huey/issues/192	primary-text	see-entry-review
Q03-F057	/quotations/2/jurisdiction	attribution-or-scope	Q03-R03	https://github.com/grwtsk/huey/issues/192	primary-text	see-entry-review
Q03-F058	/quotations/2/authority_level	attribution-or-scope	Q03-R03	https://github.com/grwtsk/huey/issues/192	primary-text	see-entry-review
Q03-F059	/quotations/2/source_url	source-metadata	Q03-R03	https://github.com/grwtsk/huey/issues/192	source-preservation	preserved-source-field
Q03-F060	/quotations/2/verified_at	historical-verification-label	Q03-R03	https://github.com/grwtsk/huey/issues/192	source-preservation	not-recertified
Q03-F061	/quotations/2/principles/0	conceptual-correspondence	Q03-R03	https://github.com/grwtsk/huey/issues/144	substantial	unreviewed-correspondence
Q03-F062	/quotations/2/principles/1	conceptual-correspondence	Q03-R03	https://github.com/grwtsk/huey/issues/144	substantial	unreviewed-correspondence
Q03-F063	/quotations/2/principles/2	conceptual-correspondence	Q03-R03	https://github.com/grwtsk/huey/issues/144	substantial	unreviewed-correspondence
Q03-F064	/quotations/2/ethics_nodes/0	conceptual-correspondence	Q03-R03	https://github.com/grwtsk/huey/issues/144	substantial	unreviewed-correspondence
Q03-F065	/quotations/2/ethics_nodes/1	conceptual-correspondence	Q03-R03	https://github.com/grwtsk/huey/issues/144	substantial	unreviewed-correspondence
Q03-F066	/quotations/2/ethics_nodes/2	conceptual-correspondence	Q03-R03	https://github.com/grwtsk/huey/issues/144	substantial	unreviewed-correspondence
Q03-F067	/quotations/2/context_note	compound-context-statement	Q03-R03	https://github.com/grwtsk/huey/issues/192	substantial	see-entry-review
Q03-F068	/quotations/2/use_note	editorial-use-limit	Q03-R03	https://github.com/grwtsk/huey/issues/192	reasoning	preserved-not-legal-clearance
Q03-F069	/quotations/2/evidentiary_use	editorial-use-limit	Q03-R03	https://github.com/grwtsk/huey/issues/192	reasoning	preserved-not-legal-clearance
Q03-F070	/quotations/3/id	source-metadata	Q03-R04	https://github.com/grwtsk/huey/issues/192	source-preservation	preserved-source-field
Q03-F071	/quotations/3/type	source-metadata	Q03-R04	https://github.com/grwtsk/huey/issues/192	source-preservation	preserved-source-field
Q03-F072	/quotations/3/text	quotation	Q03-R04	https://github.com/grwtsk/huey/issues/192	primary-text	matched-sentence
Q03-F073	/quotations/3/authority_type	attribution-or-scope	Q03-R04	https://github.com/grwtsk/huey/issues/192	primary-text	see-entry-review
Q03-F074	/quotations/3/tradition_or_domain	attribution-or-scope	Q03-R04	https://github.com/grwtsk/huey/issues/192	primary-text	see-entry-review
Q03-F075	/quotations/3/author_or_body	attribution-or-scope	Q03-R04	https://github.com/grwtsk/huey/issues/192	primary-text	see-entry-review
Q03-F076	/quotations/3/work	attribution-or-scope	Q03-R04	https://github.com/grwtsk/huey/issues/192	primary-text	see-entry-review
Q03-F077	/quotations/3/locator	attribution-or-scope	Q03-R04	https://github.com/grwtsk/huey/issues/192	primary-text	see-entry-review
Q03-F078	/quotations/3/translation_or_version	attribution-or-scope	Q03-R04	https://github.com/grwtsk/huey/issues/192	primary-text	see-entry-review
Q03-F079	/quotations/3/jurisdiction	attribution-or-scope	Q03-R04	https://github.com/grwtsk/huey/issues/192	primary-text	see-entry-review
Q03-F080	/quotations/3/authority_level	attribution-or-scope	Q03-R04	https://github.com/grwtsk/huey/issues/192	primary-text	see-entry-review
Q03-F081	/quotations/3/source_url	source-metadata	Q03-R04	https://github.com/grwtsk/huey/issues/192	source-preservation	preserved-source-field
Q03-F082	/quotations/3/verified_at	historical-verification-label	Q03-R04	https://github.com/grwtsk/huey/issues/192	source-preservation	not-recertified
Q03-F083	/quotations/3/principles/0	conceptual-correspondence	Q03-R04	https://github.com/grwtsk/huey/issues/144	substantial	unreviewed-correspondence
Q03-F084	/quotations/3/principles/1	conceptual-correspondence	Q03-R04	https://github.com/grwtsk/huey/issues/144	substantial	unreviewed-correspondence
Q03-F085	/quotations/3/principles/2	conceptual-correspondence	Q03-R04	https://github.com/grwtsk/huey/issues/144	substantial	unreviewed-correspondence
Q03-F086	/quotations/3/ethics_nodes/0	conceptual-correspondence	Q03-R04	https://github.com/grwtsk/huey/issues/144	substantial	unreviewed-correspondence
Q03-F087	/quotations/3/ethics_nodes/1	conceptual-correspondence	Q03-R04	https://github.com/grwtsk/huey/issues/144	substantial	unreviewed-correspondence
Q03-F088	/quotations/3/ethics_nodes/2	conceptual-correspondence	Q03-R04	https://github.com/grwtsk/huey/issues/144	substantial	unreviewed-correspondence
Q03-F089	/quotations/3/context_note	compound-context-statement	Q03-R04	https://github.com/grwtsk/huey/issues/192	substantial	see-entry-review
Q03-F090	/quotations/3/use_note	editorial-use-limit	Q03-R04	https://github.com/grwtsk/huey/issues/192	reasoning	preserved-not-legal-clearance
Q03-F091	/quotations/3/evidentiary_use	editorial-use-limit	Q03-R04	https://github.com/grwtsk/huey/issues/192	reasoning	preserved-not-legal-clearance
Q03-F092	/quotations/3/crisis/geography	service-description	Q03-R04	https://github.com/grwtsk/huey/issues/192	substantial	details-require-review
Q03-F093	/quotations/3/crisis/hours	service-description	Q03-R04	https://github.com/grwtsk/huey/issues/192	substantial	details-require-review
Q03-F094	/quotations/3/crisis/access_modes/0	service-description	Q03-R04	https://github.com/grwtsk/huey/issues/192	substantial	details-require-review
Q03-F095	/quotations/3/crisis/access_modes/1	service-description	Q03-R04	https://github.com/grwtsk/huey/issues/192	substantial	details-require-review
Q03-F096	/quotations/3/crisis/access_modes/2	service-description	Q03-R04	https://github.com/grwtsk/huey/issues/192	substantial	details-require-review
Q03-F097	/quotations/3/crisis/access_modes/3	service-description	Q03-R04	https://github.com/grwtsk/huey/issues/192	substantial	details-require-review
Q03-F098	/quotations/3/crisis/cost	service-description	Q03-R04	https://github.com/grwtsk/huey/issues/192	substantial	details-require-review
Q03-F099	/quotations/3/crisis/confidentiality	service-description	Q03-R04	https://github.com/grwtsk/huey/issues/192	substantial	details-require-review
Q03-F100	/quotations/3/crisis/accessibility_url	service-description	Q03-R04	https://github.com/grwtsk/huey/issues/192	substantial	details-require-review
Q03-F101	/quotations/4/id	source-metadata	Q03-R05	https://github.com/grwtsk/huey/issues/192	source-preservation	preserved-source-field
Q03-F102	/quotations/4/type	source-metadata	Q03-R05	https://github.com/grwtsk/huey/issues/192	source-preservation	preserved-source-field
Q03-F103	/quotations/4/text	quotation	Q03-R05	https://github.com/grwtsk/huey/issues/192	primary-text	matched-verse
Q03-F104	/quotations/4/authority_type	attribution-or-scope	Q03-R05	https://github.com/grwtsk/huey/issues/192	primary-text	see-entry-review
Q03-F105	/quotations/4/tradition_or_domain	attribution-or-scope	Q03-R05	https://github.com/grwtsk/huey/issues/192	primary-text	see-entry-review
Q03-F106	/quotations/4/author_or_body	attribution-or-scope	Q03-R05	https://github.com/grwtsk/huey/issues/192	primary-text	see-entry-review
Q03-F107	/quotations/4/work	attribution-or-scope	Q03-R05	https://github.com/grwtsk/huey/issues/192	primary-text	see-entry-review
Q03-F108	/quotations/4/locator	attribution-or-scope	Q03-R05	https://github.com/grwtsk/huey/issues/192	primary-text	see-entry-review
Q03-F109	/quotations/4/translation_or_version	attribution-or-scope	Q03-R05	https://github.com/grwtsk/huey/issues/192	primary-text	see-entry-review
Q03-F110	/quotations/4/jurisdiction	attribution-or-scope	Q03-R05	https://github.com/grwtsk/huey/issues/192	primary-text	see-entry-review
Q03-F111	/quotations/4/authority_level	attribution-or-scope	Q03-R05	https://github.com/grwtsk/huey/issues/192	primary-text	see-entry-review
Q03-F112	/quotations/4/source_url	source-metadata	Q03-R05	https://github.com/grwtsk/huey/issues/192	source-preservation	preserved-source-field
Q03-F113	/quotations/4/verified_at	historical-verification-label	Q03-R05	https://github.com/grwtsk/huey/issues/192	source-preservation	not-recertified
Q03-F114	/quotations/4/principles/0	conceptual-correspondence	Q03-R05	https://github.com/grwtsk/huey/issues/144	substantial	unreviewed-correspondence
Q03-F115	/quotations/4/principles/1	conceptual-correspondence	Q03-R05	https://github.com/grwtsk/huey/issues/144	substantial	unreviewed-correspondence
Q03-F116	/quotations/4/ethics_nodes/0	conceptual-correspondence	Q03-R05	https://github.com/grwtsk/huey/issues/144	substantial	unreviewed-correspondence
Q03-F117	/quotations/4/ethics_nodes/1	conceptual-correspondence	Q03-R05	https://github.com/grwtsk/huey/issues/144	substantial	unreviewed-correspondence
Q03-F118	/quotations/4/context_note	compound-context-statement	Q03-R05	https://github.com/grwtsk/huey/issues/192	substantial	see-entry-review
Q03-F119	/quotations/4/use_note	editorial-use-limit	Q03-R05	https://github.com/grwtsk/huey/issues/192	reasoning	preserved-not-legal-clearance
Q03-F120	/quotations/4/evidentiary_use	editorial-use-limit	Q03-R05	https://github.com/grwtsk/huey/issues/192	reasoning	preserved-not-legal-clearance
Q03-F121	/quotations/5/id	source-metadata	Q03-R06	https://github.com/grwtsk/huey/issues/192	source-preservation	preserved-source-field
Q03-F122	/quotations/5/type	source-metadata	Q03-R06	https://github.com/grwtsk/huey/issues/192	source-preservation	preserved-source-field
Q03-F123	/quotations/5/text	quotation	Q03-R06	https://github.com/grwtsk/huey/issues/192	primary-text	not-verified
Q03-F124	/quotations/5/authority_type	attribution-or-scope	Q03-R06	https://github.com/grwtsk/huey/issues/192	primary-text	see-entry-review
Q03-F125	/quotations/5/tradition_or_domain	attribution-or-scope	Q03-R06	https://github.com/grwtsk/huey/issues/192	primary-text	see-entry-review
Q03-F126	/quotations/5/author_or_body	attribution-or-scope	Q03-R06	https://github.com/grwtsk/huey/issues/192	primary-text	see-entry-review
Q03-F127	/quotations/5/work	attribution-or-scope	Q03-R06	https://github.com/grwtsk/huey/issues/192	primary-text	see-entry-review
Q03-F128	/quotations/5/locator	attribution-or-scope	Q03-R06	https://github.com/grwtsk/huey/issues/192	primary-text	see-entry-review
Q03-F129	/quotations/5/translation_or_version	attribution-or-scope	Q03-R06	https://github.com/grwtsk/huey/issues/192	primary-text	see-entry-review
Q03-F130	/quotations/5/jurisdiction	attribution-or-scope	Q03-R06	https://github.com/grwtsk/huey/issues/192	primary-text	see-entry-review
Q03-F131	/quotations/5/authority_level	attribution-or-scope	Q03-R06	https://github.com/grwtsk/huey/issues/192	primary-text	see-entry-review
Q03-F132	/quotations/5/source_url	source-metadata	Q03-R06	https://github.com/grwtsk/huey/issues/192	source-preservation	preserved-source-field
Q03-F133	/quotations/5/verified_at	historical-verification-label	Q03-R06	https://github.com/grwtsk/huey/issues/192	source-preservation	not-recertified
Q03-F134	/quotations/5/principles/0	conceptual-correspondence	Q03-R06	https://github.com/grwtsk/huey/issues/144	substantial	unreviewed-correspondence
Q03-F135	/quotations/5/principles/1	conceptual-correspondence	Q03-R06	https://github.com/grwtsk/huey/issues/144	substantial	unreviewed-correspondence
Q03-F136	/quotations/5/principles/2	conceptual-correspondence	Q03-R06	https://github.com/grwtsk/huey/issues/144	substantial	unreviewed-correspondence
Q03-F137	/quotations/5/ethics_nodes/0	conceptual-correspondence	Q03-R06	https://github.com/grwtsk/huey/issues/144	substantial	unreviewed-correspondence
Q03-F138	/quotations/5/ethics_nodes/1	conceptual-correspondence	Q03-R06	https://github.com/grwtsk/huey/issues/144	substantial	unreviewed-correspondence
Q03-F139	/quotations/5/context_note	compound-context-statement	Q03-R06	https://github.com/grwtsk/huey/issues/192	substantial	see-entry-review
Q03-F140	/quotations/5/use_note	editorial-use-limit	Q03-R06	https://github.com/grwtsk/huey/issues/192	reasoning	preserved-not-legal-clearance
Q03-F141	/quotations/5/evidentiary_use	editorial-use-limit	Q03-R06	https://github.com/grwtsk/huey/issues/192	reasoning	preserved-not-legal-clearance
Q03-F142	/quotations/6/id	source-metadata	Q03-R07	https://github.com/grwtsk/huey/issues/192	source-preservation	preserved-source-field
Q03-F143	/quotations/6/type	source-metadata	Q03-R07	https://github.com/grwtsk/huey/issues/192	source-preservation	preserved-source-field
Q03-F144	/quotations/6/text	quotation	Q03-R07	https://github.com/grwtsk/huey/issues/192	primary-text	matched-excerpt
Q03-F145	/quotations/6/authority_type	attribution-or-scope	Q03-R07	https://github.com/grwtsk/huey/issues/192	primary-text	see-entry-review
Q03-F146	/quotations/6/tradition_or_domain	attribution-or-scope	Q03-R07	https://github.com/grwtsk/huey/issues/192	primary-text	see-entry-review
Q03-F147	/quotations/6/author_or_body	attribution-or-scope	Q03-R07	https://github.com/grwtsk/huey/issues/192	primary-text	see-entry-review
Q03-F148	/quotations/6/work	attribution-or-scope	Q03-R07	https://github.com/grwtsk/huey/issues/192	primary-text	see-entry-review
Q03-F149	/quotations/6/locator	attribution-or-scope	Q03-R07	https://github.com/grwtsk/huey/issues/192	primary-text	see-entry-review
Q03-F150	/quotations/6/translation_or_version	attribution-or-scope	Q03-R07	https://github.com/grwtsk/huey/issues/192	primary-text	see-entry-review
Q03-F151	/quotations/6/jurisdiction	attribution-or-scope	Q03-R07	https://github.com/grwtsk/huey/issues/192	primary-text	see-entry-review
Q03-F152	/quotations/6/authority_level	attribution-or-scope	Q03-R07	https://github.com/grwtsk/huey/issues/192	primary-text	see-entry-review
Q03-F153	/quotations/6/source_url	source-metadata	Q03-R07	https://github.com/grwtsk/huey/issues/192	source-preservation	preserved-source-field
Q03-F154	/quotations/6/verified_at	historical-verification-label	Q03-R07	https://github.com/grwtsk/huey/issues/192	source-preservation	not-recertified
Q03-F155	/quotations/6/principles/0	conceptual-correspondence	Q03-R07	https://github.com/grwtsk/huey/issues/144	substantial	unreviewed-correspondence
Q03-F156	/quotations/6/principles/1	conceptual-correspondence	Q03-R07	https://github.com/grwtsk/huey/issues/144	substantial	unreviewed-correspondence
Q03-F157	/quotations/6/principles/2	conceptual-correspondence	Q03-R07	https://github.com/grwtsk/huey/issues/144	substantial	unreviewed-correspondence
Q03-F158	/quotations/6/ethics_nodes/0	conceptual-correspondence	Q03-R07	https://github.com/grwtsk/huey/issues/144	substantial	unreviewed-correspondence
Q03-F159	/quotations/6/ethics_nodes/1	conceptual-correspondence	Q03-R07	https://github.com/grwtsk/huey/issues/144	substantial	unreviewed-correspondence
Q03-F160	/quotations/6/context_note	compound-context-statement	Q03-R07	https://github.com/grwtsk/huey/issues/192	substantial	see-entry-review
Q03-F161	/quotations/6/use_note	editorial-use-limit	Q03-R07	https://github.com/grwtsk/huey/issues/192	reasoning	preserved-not-legal-clearance
Q03-F162	/quotations/6/evidentiary_use	editorial-use-limit	Q03-R07	https://github.com/grwtsk/huey/issues/192	reasoning	preserved-not-legal-clearance
Q03-F163	/quotations/7/id	source-metadata	Q03-R08	https://github.com/grwtsk/huey/issues/192	source-preservation	preserved-source-field
Q03-F164	/quotations/7/type	source-metadata	Q03-R08	https://github.com/grwtsk/huey/issues/192	source-preservation	preserved-source-field
Q03-F165	/quotations/7/text	quotation	Q03-R08	https://github.com/grwtsk/huey/issues/192	primary-text	matched-excerpt
Q03-F166	/quotations/7/authority_type	attribution-or-scope	Q03-R08	https://github.com/grwtsk/huey/issues/192	primary-text	see-entry-review
Q03-F167	/quotations/7/tradition_or_domain	attribution-or-scope	Q03-R08	https://github.com/grwtsk/huey/issues/192	primary-text	see-entry-review
Q03-F168	/quotations/7/author_or_body	attribution-or-scope	Q03-R08	https://github.com/grwtsk/huey/issues/192	primary-text	see-entry-review
Q03-F169	/quotations/7/work	attribution-or-scope	Q03-R08	https://github.com/grwtsk/huey/issues/192	primary-text	see-entry-review
Q03-F170	/quotations/7/locator	attribution-or-scope	Q03-R08	https://github.com/grwtsk/huey/issues/192	primary-text	see-entry-review
Q03-F171	/quotations/7/translation_or_version	attribution-or-scope	Q03-R08	https://github.com/grwtsk/huey/issues/192	primary-text	see-entry-review
Q03-F172	/quotations/7/jurisdiction	attribution-or-scope	Q03-R08	https://github.com/grwtsk/huey/issues/192	primary-text	see-entry-review
Q03-F173	/quotations/7/authority_level	attribution-or-scope	Q03-R08	https://github.com/grwtsk/huey/issues/192	primary-text	see-entry-review
Q03-F174	/quotations/7/source_url	source-metadata	Q03-R08	https://github.com/grwtsk/huey/issues/192	source-preservation	preserved-source-field
Q03-F175	/quotations/7/verified_at	historical-verification-label	Q03-R08	https://github.com/grwtsk/huey/issues/192	source-preservation	not-recertified
Q03-F176	/quotations/7/principles/0	conceptual-correspondence	Q03-R08	https://github.com/grwtsk/huey/issues/144	substantial	unreviewed-correspondence
Q03-F177	/quotations/7/principles/1	conceptual-correspondence	Q03-R08	https://github.com/grwtsk/huey/issues/144	substantial	unreviewed-correspondence
Q03-F178	/quotations/7/principles/2	conceptual-correspondence	Q03-R08	https://github.com/grwtsk/huey/issues/144	substantial	unreviewed-correspondence
Q03-F179	/quotations/7/ethics_nodes/0	conceptual-correspondence	Q03-R08	https://github.com/grwtsk/huey/issues/144	substantial	unreviewed-correspondence
Q03-F180	/quotations/7/ethics_nodes/1	conceptual-correspondence	Q03-R08	https://github.com/grwtsk/huey/issues/144	substantial	unreviewed-correspondence
Q03-F181	/quotations/7/context_note	compound-context-statement	Q03-R08	https://github.com/grwtsk/huey/issues/192	substantial	see-entry-review
Q03-F182	/quotations/7/use_note	editorial-use-limit	Q03-R08	https://github.com/grwtsk/huey/issues/192	reasoning	preserved-not-legal-clearance
Q03-F183	/quotations/7/evidentiary_use	editorial-use-limit	Q03-R08	https://github.com/grwtsk/huey/issues/192	reasoning	preserved-not-legal-clearance
Q03-F184	/quotations/8/id	source-metadata	Q03-R09	https://github.com/grwtsk/huey/issues/192	source-preservation	preserved-source-field
Q03-F185	/quotations/8/type	source-metadata	Q03-R09	https://github.com/grwtsk/huey/issues/192	source-preservation	preserved-source-field
Q03-F186	/quotations/8/text	quotation	Q03-R09	https://github.com/grwtsk/huey/issues/192	primary-text	matched-sentence
Q03-F187	/quotations/8/authority_type	attribution-or-scope	Q03-R09	https://github.com/grwtsk/huey/issues/192	primary-text	see-entry-review
Q03-F188	/quotations/8/tradition_or_domain	attribution-or-scope	Q03-R09	https://github.com/grwtsk/huey/issues/192	primary-text	see-entry-review
Q03-F189	/quotations/8/author_or_body	attribution-or-scope	Q03-R09	https://github.com/grwtsk/huey/issues/192	primary-text	see-entry-review
Q03-F190	/quotations/8/work	attribution-or-scope	Q03-R09	https://github.com/grwtsk/huey/issues/192	primary-text	see-entry-review
Q03-F191	/quotations/8/locator	attribution-or-scope	Q03-R09	https://github.com/grwtsk/huey/issues/192	primary-text	see-entry-review
Q03-F192	/quotations/8/translation_or_version	attribution-or-scope	Q03-R09	https://github.com/grwtsk/huey/issues/192	primary-text	see-entry-review
Q03-F193	/quotations/8/jurisdiction	attribution-or-scope	Q03-R09	https://github.com/grwtsk/huey/issues/192	primary-text	see-entry-review
Q03-F194	/quotations/8/authority_level	attribution-or-scope	Q03-R09	https://github.com/grwtsk/huey/issues/192	primary-text	see-entry-review
Q03-F195	/quotations/8/source_url	source-metadata	Q03-R09	https://github.com/grwtsk/huey/issues/192	source-preservation	preserved-source-field
Q03-F196	/quotations/8/verified_at	historical-verification-label	Q03-R09	https://github.com/grwtsk/huey/issues/192	source-preservation	not-recertified
Q03-F197	/quotations/8/principles/0	conceptual-correspondence	Q03-R09	https://github.com/grwtsk/huey/issues/144	substantial	unreviewed-correspondence
Q03-F198	/quotations/8/principles/1	conceptual-correspondence	Q03-R09	https://github.com/grwtsk/huey/issues/144	substantial	unreviewed-correspondence
Q03-F199	/quotations/8/principles/2	conceptual-correspondence	Q03-R09	https://github.com/grwtsk/huey/issues/144	substantial	unreviewed-correspondence
Q03-F200	/quotations/8/ethics_nodes/0	conceptual-correspondence	Q03-R09	https://github.com/grwtsk/huey/issues/144	substantial	unreviewed-correspondence
Q03-F201	/quotations/8/ethics_nodes/1	conceptual-correspondence	Q03-R09	https://github.com/grwtsk/huey/issues/144	substantial	unreviewed-correspondence
Q03-F202	/quotations/8/ethics_nodes/2	conceptual-correspondence	Q03-R09	https://github.com/grwtsk/huey/issues/144	substantial	unreviewed-correspondence
Q03-F203	/quotations/8/context_note	compound-context-statement	Q03-R09	https://github.com/grwtsk/huey/issues/192	substantial	see-entry-review
Q03-F204	/quotations/8/use_note	editorial-use-limit	Q03-R09	https://github.com/grwtsk/huey/issues/192	reasoning	preserved-not-legal-clearance
Q03-F205	/quotations/8/evidentiary_use	editorial-use-limit	Q03-R09	https://github.com/grwtsk/huey/issues/192	reasoning	preserved-not-legal-clearance
Q03-F206	/quotations/9/id	source-metadata	Q03-R10	https://github.com/grwtsk/huey/issues/192	source-preservation	preserved-source-field
Q03-F207	/quotations/9/type	source-metadata	Q03-R10	https://github.com/grwtsk/huey/issues/192	source-preservation	preserved-source-field
Q03-F208	/quotations/9/text	quotation	Q03-R10	https://github.com/grwtsk/huey/issues/192	primary-text	index-excerpt-only
Q03-F209	/quotations/9/authority_type	attribution-or-scope	Q03-R10	https://github.com/grwtsk/huey/issues/192	primary-text	see-entry-review
Q03-F210	/quotations/9/tradition_or_domain	attribution-or-scope	Q03-R10	https://github.com/grwtsk/huey/issues/192	primary-text	see-entry-review
Q03-F211	/quotations/9/author_or_body	attribution-or-scope	Q03-R10	https://github.com/grwtsk/huey/issues/192	primary-text	see-entry-review
Q03-F212	/quotations/9/work	attribution-or-scope	Q03-R10	https://github.com/grwtsk/huey/issues/192	primary-text	see-entry-review
Q03-F213	/quotations/9/locator	attribution-or-scope	Q03-R10	https://github.com/grwtsk/huey/issues/192	primary-text	see-entry-review
Q03-F214	/quotations/9/translation_or_version	attribution-or-scope	Q03-R10	https://github.com/grwtsk/huey/issues/192	primary-text	see-entry-review
Q03-F215	/quotations/9/jurisdiction	attribution-or-scope	Q03-R10	https://github.com/grwtsk/huey/issues/192	primary-text	see-entry-review
Q03-F216	/quotations/9/authority_level	attribution-or-scope	Q03-R10	https://github.com/grwtsk/huey/issues/192	primary-text	see-entry-review
Q03-F217	/quotations/9/source_url	source-metadata	Q03-R10	https://github.com/grwtsk/huey/issues/192	source-preservation	preserved-source-field
Q03-F218	/quotations/9/verified_at	historical-verification-label	Q03-R10	https://github.com/grwtsk/huey/issues/192	source-preservation	not-recertified
Q03-F219	/quotations/9/principles/0	conceptual-correspondence	Q03-R10	https://github.com/grwtsk/huey/issues/144	substantial	unreviewed-correspondence
Q03-F220	/quotations/9/principles/1	conceptual-correspondence	Q03-R10	https://github.com/grwtsk/huey/issues/144	substantial	unreviewed-correspondence
Q03-F221	/quotations/9/principles/2	conceptual-correspondence	Q03-R10	https://github.com/grwtsk/huey/issues/144	substantial	unreviewed-correspondence
Q03-F222	/quotations/9/ethics_nodes/0	conceptual-correspondence	Q03-R10	https://github.com/grwtsk/huey/issues/144	substantial	unreviewed-correspondence
Q03-F223	/quotations/9/ethics_nodes/1	conceptual-correspondence	Q03-R10	https://github.com/grwtsk/huey/issues/144	substantial	unreviewed-correspondence
Q03-F224	/quotations/9/ethics_nodes/2	conceptual-correspondence	Q03-R10	https://github.com/grwtsk/huey/issues/144	substantial	unreviewed-correspondence
Q03-F225	/quotations/9/context_note	compound-context-statement	Q03-R10	https://github.com/grwtsk/huey/issues/192	substantial	see-entry-review
Q03-F226	/quotations/9/use_note	editorial-use-limit	Q03-R10	https://github.com/grwtsk/huey/issues/192	reasoning	preserved-not-legal-clearance
Q03-F227	/quotations/9/evidentiary_use	editorial-use-limit	Q03-R10	https://github.com/grwtsk/huey/issues/192	reasoning	preserved-not-legal-clearance
Q03-F228	/quotations/10/id	source-metadata	Q03-R11	https://github.com/grwtsk/huey/issues/192	source-preservation	preserved-source-field
Q03-F229	/quotations/10/type	source-metadata	Q03-R11	https://github.com/grwtsk/huey/issues/192	source-preservation	preserved-source-field
Q03-F230	/quotations/10/text	quotation	Q03-R11	https://github.com/grwtsk/huey/issues/192	primary-text	matched-item
Q03-F231	/quotations/10/authority_type	attribution-or-scope	Q03-R11	https://github.com/grwtsk/huey/issues/192	primary-text	see-entry-review
Q03-F232	/quotations/10/tradition_or_domain	attribution-or-scope	Q03-R11	https://github.com/grwtsk/huey/issues/192	primary-text	see-entry-review
Q03-F233	/quotations/10/author_or_body	attribution-or-scope	Q03-R11	https://github.com/grwtsk/huey/issues/192	primary-text	see-entry-review
Q03-F234	/quotations/10/work	attribution-or-scope	Q03-R11	https://github.com/grwtsk/huey/issues/192	primary-text	see-entry-review
Q03-F235	/quotations/10/locator	attribution-or-scope	Q03-R11	https://github.com/grwtsk/huey/issues/192	primary-text	see-entry-review
Q03-F236	/quotations/10/translation_or_version	attribution-or-scope	Q03-R11	https://github.com/grwtsk/huey/issues/192	primary-text	see-entry-review
Q03-F237	/quotations/10/jurisdiction	attribution-or-scope	Q03-R11	https://github.com/grwtsk/huey/issues/192	primary-text	see-entry-review
Q03-F238	/quotations/10/authority_level	attribution-or-scope	Q03-R11	https://github.com/grwtsk/huey/issues/192	primary-text	see-entry-review
Q03-F239	/quotations/10/source_url	source-metadata	Q03-R11	https://github.com/grwtsk/huey/issues/192	source-preservation	preserved-source-field
Q03-F240	/quotations/10/verified_at	historical-verification-label	Q03-R11	https://github.com/grwtsk/huey/issues/192	source-preservation	not-recertified
Q03-F241	/quotations/10/principles/0	conceptual-correspondence	Q03-R11	https://github.com/grwtsk/huey/issues/144	substantial	unreviewed-correspondence
Q03-F242	/quotations/10/principles/1	conceptual-correspondence	Q03-R11	https://github.com/grwtsk/huey/issues/144	substantial	unreviewed-correspondence
Q03-F243	/quotations/10/principles/2	conceptual-correspondence	Q03-R11	https://github.com/grwtsk/huey/issues/144	substantial	unreviewed-correspondence
Q03-F244	/quotations/10/ethics_nodes/0	conceptual-correspondence	Q03-R11	https://github.com/grwtsk/huey/issues/144	substantial	unreviewed-correspondence
Q03-F245	/quotations/10/ethics_nodes/1	conceptual-correspondence	Q03-R11	https://github.com/grwtsk/huey/issues/144	substantial	unreviewed-correspondence
Q03-F246	/quotations/10/ethics_nodes/2	conceptual-correspondence	Q03-R11	https://github.com/grwtsk/huey/issues/144	substantial	unreviewed-correspondence
Q03-F247	/quotations/10/context_note	compound-context-statement	Q03-R11	https://github.com/grwtsk/huey/issues/192	substantial	see-entry-review
Q03-F248	/quotations/10/use_note	editorial-use-limit	Q03-R11	https://github.com/grwtsk/huey/issues/192	reasoning	preserved-not-legal-clearance
Q03-F249	/quotations/10/evidentiary_use	editorial-use-limit	Q03-R11	https://github.com/grwtsk/huey/issues/192	reasoning	preserved-not-legal-clearance
Q03-F250	/quotations/11/id	source-metadata	Q03-R12	https://github.com/grwtsk/huey/issues/192	source-preservation	preserved-source-field
Q03-F251	/quotations/11/type	source-metadata	Q03-R12	https://github.com/grwtsk/huey/issues/192	source-preservation	preserved-source-field
Q03-F252	/quotations/11/text	quotation	Q03-R12	https://github.com/grwtsk/huey/issues/192	primary-text	matched-excerpt
Q03-F253	/quotations/11/authority_type	attribution-or-scope	Q03-R12	https://github.com/grwtsk/huey/issues/192	primary-text	see-entry-review
Q03-F254	/quotations/11/tradition_or_domain	attribution-or-scope	Q03-R12	https://github.com/grwtsk/huey/issues/192	primary-text	see-entry-review
Q03-F255	/quotations/11/author_or_body	attribution-or-scope	Q03-R12	https://github.com/grwtsk/huey/issues/192	primary-text	see-entry-review
Q03-F256	/quotations/11/work	attribution-or-scope	Q03-R12	https://github.com/grwtsk/huey/issues/192	primary-text	see-entry-review
Q03-F257	/quotations/11/locator	attribution-or-scope	Q03-R12	https://github.com/grwtsk/huey/issues/192	primary-text	see-entry-review
Q03-F258	/quotations/11/translation_or_version	attribution-or-scope	Q03-R12	https://github.com/grwtsk/huey/issues/192	primary-text	see-entry-review
Q03-F259	/quotations/11/jurisdiction	attribution-or-scope	Q03-R12	https://github.com/grwtsk/huey/issues/192	primary-text	see-entry-review
Q03-F260	/quotations/11/authority_level	attribution-or-scope	Q03-R12	https://github.com/grwtsk/huey/issues/192	primary-text	see-entry-review
Q03-F261	/quotations/11/source_url	source-metadata	Q03-R12	https://github.com/grwtsk/huey/issues/192	source-preservation	preserved-source-field
Q03-F262	/quotations/11/verified_at	historical-verification-label	Q03-R12	https://github.com/grwtsk/huey/issues/192	source-preservation	not-recertified
Q03-F263	/quotations/11/principles/0	conceptual-correspondence	Q03-R12	https://github.com/grwtsk/huey/issues/144	substantial	unreviewed-correspondence
Q03-F264	/quotations/11/principles/1	conceptual-correspondence	Q03-R12	https://github.com/grwtsk/huey/issues/144	substantial	unreviewed-correspondence
Q03-F265	/quotations/11/principles/2	conceptual-correspondence	Q03-R12	https://github.com/grwtsk/huey/issues/144	substantial	unreviewed-correspondence
Q03-F266	/quotations/11/ethics_nodes/0	conceptual-correspondence	Q03-R12	https://github.com/grwtsk/huey/issues/144	substantial	unreviewed-correspondence
Q03-F267	/quotations/11/ethics_nodes/1	conceptual-correspondence	Q03-R12	https://github.com/grwtsk/huey/issues/144	substantial	unreviewed-correspondence
Q03-F268	/quotations/11/ethics_nodes/2	conceptual-correspondence	Q03-R12	https://github.com/grwtsk/huey/issues/144	substantial	unreviewed-correspondence
Q03-F269	/quotations/11/context_note	compound-context-statement	Q03-R12	https://github.com/grwtsk/huey/issues/192	substantial	see-entry-review
Q03-F270	/quotations/11/use_note	editorial-use-limit	Q03-R12	https://github.com/grwtsk/huey/issues/192	reasoning	preserved-not-legal-clearance
Q03-F271	/quotations/11/evidentiary_use	editorial-use-limit	Q03-R12	https://github.com/grwtsk/huey/issues/192	reasoning	preserved-not-legal-clearance
