unit	passage	chapter	type	huey_issue	sources	review_state
HUEY-CL05-R001	CL05-P001	14	editorial	185	B,M	retained-source-scoped-review
HUEY-CL05-R002	CL05-P001	14	editorial	185	B,M	retained-source-scoped-review
HUEY-CL05-R003	CL05-P001	14	editorial	185	B,M	retained-source-scoped-review
HUEY-CL05-R004	CL05-P001	14	editorial	185	B,M	retained-source-scoped-review
HUEY-CL05-R005	CL05-P002	14	source-description	50	M,B	retained-source-scoped-review
HUEY-CL05-R006	CL05-P002	14	source-description	50	M,B	retained-source-scoped-review
HUEY-CL05-R007	CL05-P002	14	source-description	50	M,B	retained-source-scoped-review
HUEY-CL05-R008	CL05-P002	14	source-description	50	M,B	retained-source-scoped-review
HUEY-CL05-R009	CL05-P002	14	source-description	50	M,B	retained-source-scoped-review
HUEY-CL05-R010	CL05-P003	14	personal-theological-reading	185	M	retained-source-scoped-review
HUEY-CL05-R011	CL05-P003	14	personal-theological-reading	185	M	retained-source-scoped-review
HUEY-CL05-R012	CL05-P003	14	personal-theological-reading	185	M	retained-source-scoped-review
HUEY-CL05-R013	CL05-P003	14	personal-theological-reading	185	M	retained-source-scoped-review
HUEY-CL05-R014	CL05-P003	14	personal-theological-reading	185	M	retained-source-scoped-review
HUEY-CL05-R015	CL05-P003	14	personal-theological-reading	185	M	retained-source-scoped-review
HUEY-CL05-R016	CL05-P004	14	personal-theological-reading	185	M	retained-source-scoped-review
HUEY-CL05-R017	CL05-P004	14	personal-theological-reading	185	M	retained-source-scoped-review
HUEY-CL05-R018	CL05-P004	14	personal-theological-reading	185	M	retained-source-scoped-review
HUEY-CL05-R019	CL05-P004	14	personal-theological-reading	185	M	retained-source-scoped-review
HUEY-CL05-R020	CL05-P005	14	attributed-experience	185	L17,B	retained-source-scoped-review
HUEY-CL05-R021	CL05-P005	14	attributed-experience	185	L17,B	retained-source-scoped-review
HUEY-CL05-R022	CL05-P005	14	attributed-experience	185	L17,B	retained-source-scoped-review
HUEY-CL05-R023	CL05-P005	14	attributed-experience	185	L17,B	retained-source-scoped-review
HUEY-CL05-R024	CL05-P005	14	attributed-experience	185	L17,B	retained-source-scoped-review
HUEY-CL05-R025	CL05-P006	14	argument	185	M,B	retained-source-scoped-review
HUEY-CL05-R026	CL05-P006	14	argument	185	M,B	retained-source-scoped-review
HUEY-CL05-R027	CL05-P007	14	personal-theological-reading	185	M	retained-source-scoped-review
HUEY-CL05-R028	CL05-P007	14	personal-theological-reading	185	M	retained-source-scoped-review
HUEY-CL05-R029	CL05-P007	14	personal-theological-reading	185	M	retained-source-scoped-review
HUEY-CL05-R030	CL05-P007	14	personal-theological-reading	185	M	retained-source-scoped-review
HUEY-CL05-R031	CL05-P008	14	request	185	M,L17	retained-source-scoped-review
HUEY-CL05-R032	CL05-P008	14	request	185	M,L17	retained-source-scoped-review
HUEY-CL05-R033	CL05-P008	14	request	185	M,L17	retained-source-scoped-review
HUEY-CL05-R034	CL05-P008	14	request	185	M,L17	retained-source-scoped-review
HUEY-CL05-R035	CL05-P009	14	personal-reflection	185	M,B	retained-source-scoped-review
HUEY-CL05-R036	CL05-P009	14	personal-reflection	185	M,B	retained-source-scoped-review
HUEY-CL05-R037	CL05-P009	14	personal-reflection	185	M,B	retained-source-scoped-review
HUEY-CL05-R038	CL05-P009	14	personal-reflection	185	M,B	retained-source-scoped-review
HUEY-CL05-R039	CL05-P010	14	argument	185	M	retained-source-scoped-review
HUEY-CL05-R040	CL05-P010	14	argument	185	M	retained-source-scoped-review
HUEY-CL05-R041	CL05-P010	14	argument	185	M	retained-source-scoped-review
HUEY-CL05-R042	CL05-P010	14	argument	185	M	retained-source-scoped-review
HUEY-CL05-R043	CL05-P010	14	argument	185	M	retained-source-scoped-review
HUEY-CL05-R044	CL05-P010	14	argument	185	M	retained-source-scoped-review
HUEY-CL05-R045	CL05-P012	14	agency-argument	185	M,L17	retained-source-scoped-review
HUEY-CL05-R046	CL05-P012	14	agency-argument	185	M,L17	retained-source-scoped-review
HUEY-CL05-R047	CL05-P012	14	agency-argument	185	M,L17	retained-source-scoped-review
HUEY-CL05-R048	CL05-P012	14	agency-argument	185	M,L17	retained-source-scoped-review
HUEY-CL05-R049	CL05-P013	14	agency-argument	185	M,B	retained-source-scoped-review
HUEY-CL05-R050	CL05-P013	14	agency-argument	185	M,B	retained-source-scoped-review
HUEY-CL05-R051	CL05-P013	14	agency-argument	185	M,B	retained-source-scoped-review
HUEY-CL05-R052	CL05-P013	14	agency-argument	185	M,B	retained-source-scoped-review
HUEY-CL05-R053	CL05-P014	14	normative	185	M	retained-source-scoped-review
HUEY-CL05-R054	CL05-P014	14	normative	185	M	retained-source-scoped-review
HUEY-CL05-R055	CL05-P014	14	normative	185	M	retained-source-scoped-review
HUEY-CL05-R056	CL05-P014	14	normative	185	M	retained-source-scoped-review
HUEY-CL05-R057	CL05-P014	14	normative	185	M	retained-source-scoped-review
HUEY-CL05-R058	CL05-P015	14	source-description	185	M	retained-source-scoped-review
HUEY-CL05-R059	CL05-P015	14	source-description	185	M	retained-source-scoped-review
HUEY-CL05-R060	CL05-P015	14	source-description	185	M	retained-source-scoped-review
HUEY-CL05-R061	CL05-P015	14	source-description	185	M	retained-source-scoped-review
HUEY-CL05-R062	CL05-P015	14	source-description	185	M	retained-source-scoped-review
HUEY-CL05-R063	CL05-P016	14	attributed-experience	185	M,L17	retained-source-scoped-review
HUEY-CL05-R064	CL05-P016	14	attributed-experience	185	M,L17	retained-source-scoped-review
HUEY-CL05-R065	CL05-P016	14	attributed-experience	185	M,L17	retained-source-scoped-review
HUEY-CL05-R066	CL05-P016	14	attributed-experience	185	M,L17	retained-source-scoped-review
HUEY-CL05-R067	CL05-P017	14	normative	185	M,L17	retained-source-scoped-review
HUEY-CL05-R068	CL05-P017	14	normative	185	M,L17	retained-source-scoped-review
HUEY-CL05-R069	CL05-P017	14	normative	185	M,L17	retained-source-scoped-review
HUEY-CL05-R070	CL05-P017	14	normative	185	M,L17	retained-source-scoped-review
HUEY-CL05-R071	CL05-P018	14	personal-reflection	185	M	retained-source-scoped-review
HUEY-CL05-R072	CL05-P018	14	personal-reflection	185	M	retained-source-scoped-review
HUEY-CL05-R073	CL05-P019	14	personal-reflection	185	M,B	retained-source-scoped-review
HUEY-CL05-R074	CL05-P019	14	personal-reflection	185	M,B	retained-source-scoped-review
HUEY-CL05-R075	CL05-P019	14	personal-reflection	185	M,B	retained-source-scoped-review
HUEY-CL05-R076	CL05-P019	14	personal-reflection	185	M,B	retained-source-scoped-review
HUEY-CL05-R077	CL05-P019	14	personal-reflection	185	M,B	retained-source-scoped-review
HUEY-CL05-R078	CL05-P020	14	editorial	185	B,L17	retained-source-scoped-review
HUEY-CL05-R079	CL05-P020	14	editorial	185	B,L17	retained-source-scoped-review
HUEY-CL05-R080	CL05-P020	14	editorial	185	B,L17	retained-source-scoped-review
HUEY-CL05-R081	CL05-P020	14	editorial	185	B,L17	retained-source-scoped-review
HUEY-CL05-R082	CL05-P021	14	normative	185	M	retained-source-scoped-review
HUEY-CL05-R083	CL05-P021	14	normative	185	M	retained-source-scoped-review
HUEY-CL05-R084	CL05-P021	14	normative	185	M	retained-source-scoped-review
HUEY-CL05-R085	CL05-P021	14	normative	185	M	retained-source-scoped-review
HUEY-CL05-R086	CL05-P022	14	normative	185	M	retained-source-scoped-review
HUEY-CL05-R087	CL05-P022	14	normative	185	M	retained-source-scoped-review
HUEY-CL05-R088	CL05-P022	14	normative	185	M	retained-source-scoped-review
HUEY-CL05-R089	CL05-P023	14	personal-declaration-lineage-pending	50	B	retained-source-lineage-open
HUEY-CL05-R090	CL05-P023	14	personal-declaration-lineage-pending	50	B	retained-source-lineage-open
HUEY-CL05-R091	CL05-P023	14	personal-declaration-lineage-pending	50	B	retained-source-lineage-open
HUEY-CL05-R092	CL05-P023	14	personal-declaration-lineage-pending	50	B	retained-source-lineage-open
HUEY-CL05-R093	CL05-P024	14	normative	185	M,B	retained-source-scoped-review
HUEY-CL05-R094	CL05-P024	14	normative	185	M,B	retained-source-scoped-review
HUEY-CL05-R095	CL05-P024	14	normative	185	M,B	retained-source-scoped-review
HUEY-CL05-R096	CL05-P024	14	normative	185	M,B	retained-source-scoped-review
HUEY-CL05-R097	CL05-P024	14	normative	185	M,B	retained-source-scoped-review
HUEY-CL05-R098	CL05-P025	14	personal-theological-reading	185	M	retained-source-scoped-review
HUEY-CL05-R099	CL05-P025	14	personal-theological-reading	185	M	retained-source-scoped-review
HUEY-CL05-R100	CL05-P025	14	personal-theological-reading	185	M	retained-source-scoped-review
HUEY-CL05-R101	CL05-P025	14	personal-theological-reading	185	M	retained-source-scoped-review
HUEY-CL05-R102	CL05-P027	14	normative	185	M,L17	retained-source-scoped-review
HUEY-CL05-R103	CL05-P027	14	normative	185	M,L17	retained-source-scoped-review
HUEY-CL05-R104	CL05-P027	14	normative	185	M,L17	retained-source-scoped-review
HUEY-CL05-R105	CL05-P027	14	normative	185	M,L17	retained-source-scoped-review
HUEY-CL05-R106	CL05-P027	14	normative	185	M,L17	retained-source-scoped-review
HUEY-CL05-R107	CL05-P027	14	normative	185	M,L17	retained-source-scoped-review
HUEY-CL05-R108	CL05-P028	14	normative	185	B,M	retained-source-scoped-review
HUEY-CL05-R109	CL05-P028	14	normative	185	B,M	retained-source-scoped-review
HUEY-CL05-R110	CL05-P028	14	normative	185	B,M	retained-source-scoped-review
HUEY-CL05-R111	CL05-P028	14	normative	185	B,M	retained-source-scoped-review
HUEY-CL05-R112	CL05-P029	14	normative	185	M,B	retained-source-scoped-review
HUEY-CL05-R113	CL05-P029	14	normative	185	M,B	retained-source-scoped-review
HUEY-CL05-R114	CL05-P029	14	normative	185	M,B	retained-source-scoped-review
HUEY-CL05-R115	CL05-P029	14	normative	185	M,B	retained-source-scoped-review
HUEY-CL05-R116	CL05-P030	14	personal-icon-reading	50	M	retained-source-scoped-review
HUEY-CL05-R117	CL05-P030	14	personal-icon-reading	50	M	retained-source-scoped-review
HUEY-CL05-R118	CL05-P030	14	personal-icon-reading	50	M	retained-source-scoped-review
HUEY-CL05-R119	CL05-P030	14	personal-icon-reading	50	M	retained-source-scoped-review
HUEY-CL05-R120	CL05-P031	14	argument	185	M,B	retained-source-scoped-review
HUEY-CL05-R121	CL05-P031	14	argument	185	M,B	retained-source-scoped-review
HUEY-CL05-R122	CL05-P031	14	argument	185	M,B	retained-source-scoped-review
HUEY-CL05-R123	CL05-P031	14	argument	185	M,B	retained-source-scoped-review
HUEY-CL05-R124	CL05-P031	14	argument	185	M,B	retained-source-scoped-review
HUEY-CL05-R125	CL05-P032	14	scripture-and-personal-reading	50	W03,M	retained-source-scoped-review
HUEY-CL05-R126	CL05-P032	14	scripture-and-personal-reading	50	W03,M	retained-source-scoped-review
HUEY-CL05-R127	CL05-P032	14	scripture-and-personal-reading	50	W03,M	retained-source-scoped-review
HUEY-CL05-R128	CL05-P032	14	scripture-and-personal-reading	50	W03,M	retained-source-scoped-review
HUEY-CL05-R129	CL05-P032	14	scripture-and-personal-reading	50	W03,M	retained-source-scoped-review
HUEY-CL05-R130	CL05-P033	14	scriptural-interpretation	50	W03,M	retained-source-scoped-review
HUEY-CL05-R131	CL05-P033	14	scriptural-interpretation	50	W03,M	retained-source-scoped-review
HUEY-CL05-R132	CL05-P033	14	scriptural-interpretation	50	W03,M	retained-source-scoped-review
HUEY-CL05-R133	CL05-P033	14	scriptural-interpretation	50	W03,M	retained-source-scoped-review
HUEY-CL05-R134	CL05-P034	14	personal-theological-reading	50	M,W03	retained-source-scoped-review
HUEY-CL05-R135	CL05-P034	14	personal-theological-reading	50	M,W03	retained-source-scoped-review
HUEY-CL05-R136	CL05-P034	14	personal-theological-reading	50	M,W03	retained-source-scoped-review
HUEY-CL05-R137	CL05-P034	14	personal-theological-reading	50	M,W03	retained-source-scoped-review
HUEY-CL05-R138	CL05-P035	14	personal-reflection	185	M	retained-source-scoped-review
HUEY-CL05-R139	CL05-P035	14	personal-reflection	185	M	retained-source-scoped-review
HUEY-CL05-R140	CL05-P035	14	personal-reflection	185	M	retained-source-scoped-review
HUEY-CL05-R141	CL05-P035	14	personal-reflection	185	M	retained-source-scoped-review
HUEY-CL05-R142	CL05-P035	14	personal-reflection	185	M	retained-source-scoped-review
HUEY-CL05-R143	CL05-P035	14	personal-reflection	185	M	retained-source-scoped-review
HUEY-CL05-R144	CL05-P036	14	hypothesis	185	M,L17	retained-source-scoped-review
HUEY-CL05-R145	CL05-P036	14	hypothesis	185	M,L17	retained-source-scoped-review
HUEY-CL05-R146	CL05-P036	14	hypothesis	185	M,L17	retained-source-scoped-review
HUEY-CL05-R147	CL05-P036	14	hypothesis	185	M,L17	retained-source-scoped-review
HUEY-CL05-R148	CL05-P037	14	editorial	185	B,M	retained-source-scoped-review
HUEY-CL05-R149	CL05-P037	14	editorial	185	B,M	retained-source-scoped-review
HUEY-CL05-R150	CL05-P037	14	editorial	185	B,M	retained-source-scoped-review
HUEY-CL05-R151	CL05-P037	14	editorial	185	B,M	retained-source-scoped-review
HUEY-CL05-R152	CL05-P040	14	editorial	185	B	retained-source-scoped-review
HUEY-CL05-R153	CL05-P040	14	editorial	185	B	retained-source-scoped-review
HUEY-CL05-R154	CL05-P040	14	editorial	185	B	retained-source-scoped-review
HUEY-CL05-R155	CL05-P040	14	editorial	185	B	retained-source-scoped-review
HUEY-CL05-R156	CL05-P040	14	editorial	185	B	retained-source-scoped-review
HUEY-CL05-R157	CL05-P041	14	earlier-narrative-recap	185	B	retained-source-scoped-review
HUEY-CL05-R158	CL05-P041	14	earlier-narrative-recap	185	B	retained-source-scoped-review
HUEY-CL05-R159	CL05-P041	14	earlier-narrative-recap	185	B	retained-source-scoped-review
HUEY-CL05-R160	CL05-P041	14	earlier-narrative-recap	185	B	retained-source-scoped-review
HUEY-CL05-R161	CL05-P041	14	earlier-narrative-recap	185	B	retained-source-scoped-review
HUEY-CL05-R162	CL05-P042	14	metaphor	185	M,B	retained-source-scoped-review
HUEY-CL05-R163	CL05-P042	14	metaphor	185	M,B	retained-source-scoped-review
HUEY-CL05-R164	CL05-P042	14	metaphor	185	M,B	retained-source-scoped-review
HUEY-CL05-R165	CL05-P042	14	metaphor	185	M,B	retained-source-scoped-review
HUEY-CL05-R166	CL05-P043	14	normative	185	M,B	retained-source-scoped-review
HUEY-CL05-R167	CL05-P043	14	normative	185	M,B	retained-source-scoped-review
HUEY-CL05-R168	CL05-P043	14	normative	185	M,B	retained-source-scoped-review
HUEY-CL05-R169	CL05-P043	14	normative	185	M,B	retained-source-scoped-review
HUEY-CL05-R170	CL05-P043	14	normative	185	M,B	retained-source-scoped-review
HUEY-CL05-R171	CL05-P044	14	normative	185	M,B	retained-source-scoped-review
HUEY-CL05-R172	CL05-P044	14	normative	185	M,B	retained-source-scoped-review
HUEY-CL05-R173	CL05-P044	14	normative	185	M,B	retained-source-scoped-review
HUEY-CL05-R174	CL05-P044	14	normative	185	M,B	retained-source-scoped-review
HUEY-CL05-R175	CL05-P045	14	normative	185	M	retained-source-scoped-review
HUEY-CL05-R176	CL05-P045	14	normative	185	M	retained-source-scoped-review
HUEY-CL05-R177	CL05-P045	14	normative	185	M	retained-source-scoped-review
HUEY-CL05-R178	CL05-P045	14	normative	185	M	retained-source-scoped-review
HUEY-CL05-R179	CL05-P045	14	normative	185	M	retained-source-scoped-review
HUEY-CL05-R180	CL05-P046	14	personal-icon-reading	50	M	retained-source-scoped-review
HUEY-CL05-R181	CL05-P046	14	personal-icon-reading	50	M	retained-source-scoped-review
HUEY-CL05-R182	CL05-P046	14	personal-icon-reading	50	M	retained-source-scoped-review
HUEY-CL05-R183	CL05-P047	14	editorial	185	B,M	retained-source-scoped-review
HUEY-CL05-R184	CL05-P047	14	editorial	185	B,M	retained-source-scoped-review
HUEY-CL05-R185	CL05-P047	14	editorial	185	B,M	retained-source-scoped-review
HUEY-CL05-R186	CL05-P047	14	editorial	185	B,M	retained-source-scoped-review
HUEY-CL05-R187	CL05-P048	14	editorial	185	B	retained-source-scoped-review
HUEY-CL05-R188	CL05-P048	14	editorial	185	B	retained-source-scoped-review
HUEY-CL05-R189	CL05-P048	14	editorial	185	B	retained-source-scoped-review
