evidence_id	classification	public_title	evidence_type	raw_custody	certificate	public_raw_or_derivative	transcription_public	review_state	related_issues	status
HUEY-EV-d634c71b-8d75-4e22-b2d2-e3eccbdc1946	PRIVATE_RAW_PUBLIC_DERIVATIVE	Synthetic custody protocol test — fictional object	synthetic_fixture	private_repository	evidence/certificates/HUEY-EV-d634c71b-8d75-4e22-b2d2-e3eccbdc1946.json	evidence/derivatives/HUEY-EV-d634c71b-8d75-4e22-b2d2-e3eccbdc1946/public-v1.txt	false	machine_checked;human_pending		active
HUEY-EV-4c1840d6-a559-4f20-9b43-4ec6bb84de00	PRIVATE_RAW_PUBLIC_DERIVATIVE	Privately retained source with analytical context	document	private_repository	evidence/certificates/HUEY-EV-4c1840d6-a559-4f20-9b43-4ec6bb84de00.json	evidence/derivatives/HUEY-EV-4c1840d6-a559-4f20-9b43-4ec6bb84de00/public-v1.md	false	machine_checked;human_pending	SOC-C009;https://github.com/grwtsk/huey/issues/200;https://github.com/grwtsk/huey/issues/201;SOC-C009;SOC-C009	active
HUEY-EV-f4c81857-af90-4945-b0c4-0aa93e91c014	PRIVATE_SENSITIVE	Privately retained source; substantive review pending	document	private_repository	evidence/certificates/HUEY-EV-f4c81857-af90-4945-b0c4-0aa93e91c014.json		false	machine_checked;human_pending		active
HUEY-EV-9dd97e91-2682-48ae-b537-a6feb563e023	PRIVATE_RAW_PUBLIC_DERIVATIVE	Privately retained source with analytical context	document	private_repository	evidence/certificates/HUEY-EV-9dd97e91-2682-48ae-b537-a6feb563e023.json	evidence/derivatives/HUEY-EV-9dd97e91-2682-48ae-b537-a6feb563e023/public-v1.md	false	machine_checked;human_pending	SOC-C009	active
HUEY-EV-749e50e1-3f93-4e39-a758-76898abf38e0	PRIVATE_SENSITIVE	Privately retained source; substantive review pending	document	private_repository	evidence/certificates/HUEY-EV-749e50e1-3f93-4e39-a758-76898abf38e0.json		false	machine_checked;human_pending		active
HUEY-EV-7a2622f8-516a-4a9e-9cae-7c6b896b7988	PRIVATE_SENSITIVE	Privately retained source; substantive review pending	document	private_repository	evidence/certificates/HUEY-EV-7a2622f8-516a-4a9e-9cae-7c6b896b7988.json		false	machine_checked;human_pending		active
HUEY-EV-c52efe9c-a709-44a3-9434-fb05464e9a02	PRIVATE_RAW_PUBLIC_DERIVATIVE	Privately retained source with analytical context	document	private_repository	evidence/certificates/HUEY-EV-c52efe9c-a709-44a3-9434-fb05464e9a02.json	evidence/derivatives/HUEY-EV-c52efe9c-a709-44a3-9434-fb05464e9a02/public-v1.md	false	machine_checked;human_pending	HUEY-EV-24ea8c1d-b81e-4f3b-a620-0db256d46e2f;SOC-C009	active
HUEY-EV-24ea8c1d-b81e-4f3b-a620-0db256d46e2f	PRIVATE_RAW_PUBLIC_DERIVATIVE	Privately retained source with analytical context	document	private_repository	evidence/certificates/HUEY-EV-24ea8c1d-b81e-4f3b-a620-0db256d46e2f.json	evidence/derivatives/HUEY-EV-24ea8c1d-b81e-4f3b-a620-0db256d46e2f/public-v1.md	false	machine_checked;human_pending	SOC-C009	active
HUEY-EV-bc2345b1-a08f-4467-937f-4fc9587216e4	PRIVATE_SENSITIVE	Privately retained source; substantive review pending	document	private_repository	evidence/certificates/HUEY-EV-bc2345b1-a08f-4467-937f-4fc9587216e4.json		false	machine_checked;human_pending		active
HUEY-EV-6f73c3c6-dc2f-4b2c-9c4c-a4ea43d0d73a	PRIVATE_RAW_PUBLIC_DERIVATIVE	Privately retained source with analytical context	document	private_repository	evidence/certificates/HUEY-EV-6f73c3c6-dc2f-4b2c-9c4c-a4ea43d0d73a.json	evidence/derivatives/HUEY-EV-6f73c3c6-dc2f-4b2c-9c4c-a4ea43d0d73a/public-v1.md	false	machine_checked;human_pending	SOC-C004	active
HUEY-EV-03a8f4d7-1df8-4523-baea-b29280a699d9	PRIVATE_SENSITIVE	Privately retained source; substantive review pending	document	private_repository	evidence/certificates/HUEY-EV-03a8f4d7-1df8-4523-baea-b29280a699d9.json		false	machine_checked;human_pending		active
HUEY-EV-b6095a3d-e03b-44fb-a344-75d043ca2e91	PRIVATE_SENSITIVE	Privately retained source; substantive review pending	document	private_repository	evidence/certificates/HUEY-EV-b6095a3d-e03b-44fb-a344-75d043ca2e91.json		false	machine_checked;human_pending		active
HUEY-EV-5e096ff4-798d-40b4-b333-62b3999349b6	PRIVATE_RAW_PUBLIC_DERIVATIVE	Privately retained source with analytical context	document	private_repository	evidence/certificates/HUEY-EV-5e096ff4-798d-40b4-b333-62b3999349b6.json	evidence/derivatives/HUEY-EV-5e096ff4-798d-40b4-b333-62b3999349b6/public-v1.md	false	machine_checked;human_pending	SOC-C009;SOC-C005	active
HUEY-EV-f51068c3-5325-4ee8-9c47-07e7f4f08bab	PRIVATE_RAW_PUBLIC_DERIVATIVE	Privately retained source with analytical context	document	private_repository	evidence/certificates/HUEY-EV-f51068c3-5325-4ee8-9c47-07e7f4f08bab.json	evidence/derivatives/HUEY-EV-f51068c3-5325-4ee8-9c47-07e7f4f08bab/public-v1.md	false	machine_checked;human_pending	SOC-C007	active
HUEY-EV-a9dbcf2f-ba86-4c2d-9a91-b853149bf985	PRIVATE_RAW_PUBLIC_DERIVATIVE	Privately retained source with analytical context	document	private_repository	evidence/certificates/HUEY-EV-a9dbcf2f-ba86-4c2d-9a91-b853149bf985.json	evidence/derivatives/HUEY-EV-a9dbcf2f-ba86-4c2d-9a91-b853149bf985/public-v1.md	false	machine_checked;human_pending	SOC-C007	active
HUEY-EV-d7fdf6a0-3b6e-4826-9ccd-515dff59b0fd	PRIVATE_SENSITIVE	Privately retained source; substantive review pending	document	private_repository	evidence/certificates/HUEY-EV-d7fdf6a0-3b6e-4826-9ccd-515dff59b0fd.json		false	machine_checked;human_pending		active
HUEY-EV-d4bcdf53-dc0f-41e0-9e57-9c5bcb0d1c56	PRIVATE_SENSITIVE	Privately retained source; substantive review pending	document	private_repository	evidence/certificates/HUEY-EV-d4bcdf53-dc0f-41e0-9e57-9c5bcb0d1c56.json		false	machine_checked;human_pending		active
HUEY-EV-6f36885b-dd9b-4a09-8909-ac1245ac042f	PRIVATE_SENSITIVE	Privately retained source; substantive review pending	document	private_repository	evidence/certificates/HUEY-EV-6f36885b-dd9b-4a09-8909-ac1245ac042f.json		false	machine_checked;human_pending		active
HUEY-EV-3233f656-03cb-43dd-bc6a-b420a57670fd	PRIVATE_SENSITIVE	Privately retained source; substantive review pending	document	private_repository	evidence/certificates/HUEY-EV-3233f656-03cb-43dd-bc6a-b420a57670fd.json		false	machine_checked;human_pending		active
HUEY-EV-b7fab3e4-b9b8-45bc-b14b-bc75f45bcf56	PRIVATE_SENSITIVE	Privately retained source; substantive review pending	document	private_repository	evidence/certificates/HUEY-EV-b7fab3e4-b9b8-45bc-b14b-bc75f45bcf56.json		false	machine_checked;human_pending		active
HUEY-EV-b17ce709-4201-4c61-850b-f872cf3c794a	PRIVATE_SENSITIVE	Privately retained source; substantive review pending	document	private_repository	evidence/certificates/HUEY-EV-b17ce709-4201-4c61-850b-f872cf3c794a.json		false	machine_checked;human_pending		active
HUEY-EV-ba1cc81e-2265-4f2d-965f-99c426f64786	PRIVATE_SENSITIVE	Privately retained source; substantive review pending	document	private_repository	evidence/certificates/HUEY-EV-ba1cc81e-2265-4f2d-965f-99c426f64786.json		false	machine_checked;human_pending		active
HUEY-EV-54d9bb1d-94af-4109-88a4-3dddcb539324	PRIVATE_SENSITIVE	Privately retained source; substantive review pending	document	private_repository	evidence/certificates/HUEY-EV-54d9bb1d-94af-4109-88a4-3dddcb539324.json		false	machine_checked;human_pending		active
HUEY-EV-98581aa7-0445-45fa-a095-1fd184479b8f	PRIVATE_SENSITIVE	Privately retained source; substantive review pending	document	private_repository	evidence/certificates/HUEY-EV-98581aa7-0445-45fa-a095-1fd184479b8f.json		false	machine_checked;human_pending		active
HUEY-EV-e65039d4-c98f-44f1-8fc8-631c5007071e	PRIVATE_RAW_PUBLIC_DERIVATIVE	Privately retained source with analytical context	document	private_repository	evidence/certificates/HUEY-EV-e65039d4-c98f-44f1-8fc8-631c5007071e.json	evidence/derivatives/HUEY-EV-e65039d4-c98f-44f1-8fc8-631c5007071e/public-v1.md	false	machine_checked;human_pending	SOC-C002;SOC-C009	active
HUEY-EV-96816067-685d-467e-8510-05f14efa7733	PRIVATE_SENSITIVE	Privately retained source; substantive review pending	document	private_repository	evidence/certificates/HUEY-EV-96816067-685d-467e-8510-05f14efa7733.json		false	machine_checked;human_pending		active
HUEY-EV-6bc42546-3001-420f-a005-c772273ad2f7	PRIVATE_SENSITIVE	Privately retained source; substantive review pending	document	private_repository	evidence/certificates/HUEY-EV-6bc42546-3001-420f-a005-c772273ad2f7.json		false	machine_checked;human_pending		active
HUEY-EV-16061613-4d51-4541-b48b-4e7c9ecc84b0	PRIVATE_SENSITIVE	Privately retained source; substantive review pending	document	private_repository	evidence/certificates/HUEY-EV-16061613-4d51-4541-b48b-4e7c9ecc84b0.json		false	machine_checked;human_pending		active
HUEY-EV-445b7153-ac92-4383-9904-d90e4986991a	PRIVATE_RAW_PUBLIC_DERIVATIVE	Privately retained source with analytical context	document	private_repository	evidence/certificates/HUEY-EV-445b7153-ac92-4383-9904-d90e4986991a.json	evidence/derivatives/HUEY-EV-445b7153-ac92-4383-9904-d90e4986991a/public-v1.md	false	machine_checked;human_pending	SOC-C005	active
HUEY-EV-c500efbc-2d10-4736-b6ed-90ef318bae49	PRIVATE_SENSITIVE	Privately retained source; substantive review pending	document	private_repository	evidence/certificates/HUEY-EV-c500efbc-2d10-4736-b6ed-90ef318bae49.json		false	machine_checked;human_pending		active
HUEY-EV-9d7dd46c-83cf-470f-96d0-900b1a4a4d12	PRIVATE_SENSITIVE	Privately retained source; substantive review pending	document	private_repository	evidence/certificates/HUEY-EV-9d7dd46c-83cf-470f-96d0-900b1a4a4d12.json		false	machine_checked;human_pending		active
HUEY-EV-07e60d91-fc61-4fa7-810f-4043293a7b87	PRIVATE_RAW_PUBLIC_DERIVATIVE	Privately retained source with analytical context	document	private_repository	evidence/certificates/HUEY-EV-07e60d91-fc61-4fa7-810f-4043293a7b87.json	evidence/derivatives/HUEY-EV-07e60d91-fc61-4fa7-810f-4043293a7b87/public-v1.md	false	machine_checked;human_pending	SOC-C006	active
HUEY-EV-eb1300ed-4259-447d-ad47-53c8374636f7	PRIVATE_SENSITIVE	Privately retained source; substantive review pending	document	private_repository	evidence/certificates/HUEY-EV-eb1300ed-4259-447d-ad47-53c8374636f7.json		false	machine_checked;human_pending		active
HUEY-EV-a629629c-5a5b-4393-9835-20d277336bbc	PRIVATE_SENSITIVE	Privately retained source; substantive review pending	document	private_repository	evidence/certificates/HUEY-EV-a629629c-5a5b-4393-9835-20d277336bbc.json		false	machine_checked;human_pending		active
HUEY-EV-ef8469f5-94cd-4308-8276-3704e2620fab	PRIVATE_SENSITIVE	Privately retained source; substantive review pending	document	private_repository	evidence/certificates/HUEY-EV-ef8469f5-94cd-4308-8276-3704e2620fab.json		false	machine_checked;human_pending		active
HUEY-EV-b86a6fbc-1e4c-4e19-bf17-386c074fefd7	PRIVATE_RAW_PUBLIC_DERIVATIVE	Privately retained source with analytical context	document	private_repository	evidence/certificates/HUEY-EV-b86a6fbc-1e4c-4e19-bf17-386c074fefd7.json	evidence/derivatives/HUEY-EV-b86a6fbc-1e4c-4e19-bf17-386c074fefd7/public-v1.md	false	machine_checked;human_pending	SOC-C009	active
HUEY-EV-45e5b5ab-0fda-4b5c-9602-a45e2673aefe	PRIVATE_RAW_PUBLIC_DERIVATIVE	Privately retained source with analytical context	document	private_repository	evidence/certificates/HUEY-EV-45e5b5ab-0fda-4b5c-9602-a45e2673aefe.json	evidence/derivatives/HUEY-EV-45e5b5ab-0fda-4b5c-9602-a45e2673aefe/public-v1.md	false	machine_checked;human_pending	SOC-C005	active
HUEY-EV-13dc85ed-e0cd-4531-acab-f3749d3f6671	PRIVATE_SENSITIVE	Privately retained source; substantive review pending	document	private_repository	evidence/certificates/HUEY-EV-13dc85ed-e0cd-4531-acab-f3749d3f6671.json		false	machine_checked;human_pending		active
HUEY-EV-57ed32bd-207f-4e4d-944c-82c4c13632c7	PRIVATE_SENSITIVE	Privately retained source; substantive review pending	document	private_repository	evidence/certificates/HUEY-EV-57ed32bd-207f-4e4d-944c-82c4c13632c7.json		false	machine_checked;human_pending		active
HUEY-EV-2f86310b-400e-451a-b3b9-fdb860655402	PRIVATE_RAW_PUBLIC_DERIVATIVE	Privately retained source with analytical context	document	private_repository	evidence/certificates/HUEY-EV-2f86310b-400e-451a-b3b9-fdb860655402.json	evidence/derivatives/HUEY-EV-2f86310b-400e-451a-b3b9-fdb860655402/public-v1.md	false	machine_checked;human_pending	HUEY-EV-5e096ff4-798d-40b4-b333-62b3999349b6;SOC-C005	active
HUEY-EV-2ed31ea8-b7a8-4f08-8c24-c79a810b04a1	PRIVATE_RAW_PUBLIC_DERIVATIVE	Privately retained source with analytical context	document	private_repository	evidence/certificates/HUEY-EV-2ed31ea8-b7a8-4f08-8c24-c79a810b04a1.json	evidence/derivatives/HUEY-EV-2ed31ea8-b7a8-4f08-8c24-c79a810b04a1/public-v1.md	false	machine_checked;human_pending	https://github.com/grwtsk/huey/issues/200;https://github.com/grwtsk/huey/issues/201;SOC-C009;SOC-C002;SOC-C004	active
HUEY-EV-98a522c3-6a95-4d0a-9380-a7255595829f	PRIVATE_SENSITIVE	Privately retained source; substantive review pending	document	private_repository	evidence/certificates/HUEY-EV-98a522c3-6a95-4d0a-9380-a7255595829f.json		false	machine_checked;human_pending		active
HUEY-EV-fa10fb05-40f3-4805-8390-1154f3f6f4b7	PRIVATE_RAW_PUBLIC_DERIVATIVE	Privately retained source with analytical context	document	private_repository	evidence/certificates/HUEY-EV-fa10fb05-40f3-4805-8390-1154f3f6f4b7.json	evidence/derivatives/HUEY-EV-fa10fb05-40f3-4805-8390-1154f3f6f4b7/public-v1.md	false	machine_checked;human_pending	SOC-C007	active
HUEY-EV-451494db-fe65-4a1a-947f-96b7d5060527	PRIVATE_RAW_PUBLIC_DERIVATIVE	Privately retained source with analytical context	document	private_repository	evidence/certificates/HUEY-EV-451494db-fe65-4a1a-947f-96b7d5060527.json	evidence/derivatives/HUEY-EV-451494db-fe65-4a1a-947f-96b7d5060527/public-v1.md	false	machine_checked;human_pending	SOC-C009	active
